<?xml version="1.0" ?>
<openerp>
    <data>
		
        <!-- sms.session-->
        <record model="ir.ui.view" id="view_session_form">
         <field name="name">session.form</field>
         <field name="model">sms.session</field>
         <field name="arch" type="xml">
            <form string="Academic Session" version="7.0">
 			<header>
            <button name="start_new_session" string="Start Session" states="Draft" type="object" class="oe_highlight" groups=""/>
			<button name="load_session_months" string="Load Months" states="Draft" type="object" class="oe_highlight" groups=""/>
			<button name="close_this_session" confirm = "Closing session will close all classes belong to this session. No entry, modification will be allowed in classes after session is closed." string="Close Session" states="Active" type="object" class="oe_highlight" groups=""/>
			<button name="load_students_from_excel" string="Load Students" states="Active" type="object" class="oe_highlight" groups=""/>
			<field name="state" widget="statusbar" statusbar_visible="Draft,active,previous"/>
             </header>
				<sheet>
				 <group >
                  <group string="Academic Session">
                    <field name="name"/>
					<field name="start_date" attrs="{'readonly':[('state','=','Previous')]}"/>
					<field name="end_date" attrs="{'readonly':[('state','=','Previous')]}"/>
					<field name="date_session_stared" readonly ="1"/>
					<field name="session_started_by" readonly ="1"/>
					<field name="date_session_closed" readonly ="1"/>
					<field name="session_closed_by" readonly ="1"/>
                	
                	<field name="state"/>
                  </group>
				</group>  
				<group></group>
			<notebook>
                <page string= "Months">
				 <group string="">
					<field name="session_months" nolabel = "1"/>
				</group>  
			   </page>
			  <page string= "Academic Calendars">
				 <group string="">
					<field name="acad_cals" domain="[('state','=','Complete']" nolabel = "1"/>
				</group>  
			   </page>	
			   </notebook>
			</sheet>	 	
              </form>
            </field>
		<field name="help" type="html">
              <p class="oe_view_nocontent_create">
                Click to define a new job position.
              </p><p>
                Define new session for Upcomming Years
              </p><p>
                You can attach a survey to a job position. It will be used in
                the recruitment process to evaluate the applicants for this job
                position.
              </p>
            </field>
        </record>
        <record model="ir.ui.view" id="view_session_tree">
            <field name="name">session.tree</field>
            <field name="model">sms.session</field>
            <field name="arch" type="xml">
                <tree string="Academic Session">
                        <field name="name"/>
						<field name="start_date"/>
                    	<field name="end_date"/>
                    	<field name="state"/>
                </tree>
            </field>
        </record>

        <record id="view_session_search" model="ir.ui.view">
            <field name="name">session.search</field>
            <field name="model">sms.session</field>
            <field name="arch" type="xml">
                <search string="Search Session Record">
                    <field name="name" string="Session Name"/>
                    <field name="start_date" string="Start Date"/>
                </search>
            </field>
        </record>

        <record model="ir.actions.act_window" id="action_session">
            <field name="name">Session</field>
            <field name="res_model">sms.session</field>
            <field name="type">ir.actions.act_window</field>
            <field name="view_type">form</field>
            <field name="view_mode">tree,form</field>
            <field name="context">{'search_default_draft': 1}</field>
            <field name="search_view_id" ref="view_session_search"/>
        </record>

<!--Session Months-->
 <record model="ir.ui.view" id="view_sessionmonths_tree">
            <field name="name">sms.session.months.tree</field>
            <field name="model">sms.session.months</field>
            <field name="arch" type="xml">
                <tree string="Session Months">
                    <field name="name"/>
					<field name="session_id"/>
                	<field name="session_month_id"/>
					<field name="session_year"/>
                </tree>
            </field>
        </record>

<!-- sms.group-->
        <record model="ir.ui.view" id="view_cls_groups_form">
         <field name="name">Class.Group.form</field>
         <field name="model">sms.group</field>
         <field name="arch" type="xml">
            <form string="Class Groups" version="7.0">
 			 <sheet>
				<notebook>
                <page>
				 <group string="Class Group">
                    <field name="name" required="1"/>
					<field name="desc"/>
					<field name="active"/>
				</group>  
			   </page>
			   </notebook>
			</sheet>	 	
              </form>
            </field>
        </record>

        <record model="ir.ui.view" id="view_cls_groups_tree">
            <field name="name">Class.groups.tree</field>
            <field name="model">sms.group</field>
            <field name="arch" type="xml">
                <tree string="Class Groups">
                    <field name="name"/>
					<field name="desc"/>
                	<field name="active"/>
                </tree>
            </field>
        </record>

        <record id="view_group_search" model="ir.ui.view">
            <field name="name">class.group.search</field>
            <field name="model">sms.group</field>
            <field name="arch" type="xml">
                <search string="Search Class Groups">
                    <field name="name" string="Group Name"/>
                </search>
            </field>
        </record>

        <record model="ir.actions.act_window" id="action_cls_grps">
            <field name="name">Class Groups</field>
            <field name="res_model">sms.group</field>
            <field name="type">ir.actions.act_window</field>
            <field name="view_type">form</field>
            <field name="view_mode">tree,form</field>
            <field name="context">{'search_default_draft': 1}</field>
            <field name="search_view_id" ref="view_group_search"/>
        </record>


 <!--sms subject-->
        <record model="ir.ui.view" id="view_suject_form">
         <field name="name">subject.form</field>
         <field name="model">sms.subject</field>
         <field name="arch" type="xml">
            <form string="Subject" version="7.0">
 			 <sheet>
				<notebook>
                <page >
				 <group string="Sujects">
                  <group string="">
                    <field name="name" required="1"/>
					<field name="desc"/>
                  </group>
				</group>  
				<group></group>
			   </page>
			   </notebook>
			</sheet>	 	
              </form>
            </field>
        </record>
        <record model="ir.ui.view" id="view_subject_tree">
            <field name="name">subject.tree</field>
            <field name="model">sms.subject</field>
            <field name="arch" type="xml">
                <tree string="All subjects">
                        <field name="name" required="1"/>
						<field name="desc"/>
                </tree>
            </field>
        </record>

        <record id="view_subject_search" model="ir.ui.view">
            <field name="name">subject.search</field>
            <field name="model">sms.subject</field>
            <field name="arch" type="xml">
                <search string="Search Subject">
                    <field name="name" string="subject Name"/>
                    <field name="desc" string="Start Date"/>
                </search>
            </field>
        </record>

        <record model="ir.actions.act_window" id="action_subject">
            <field name="name">Subjects</field>
            <field name="res_model">sms.subject</field>
            <field name="type">ir.actions.act_window</field>
            <field name="view_type">form</field>
            <field name="view_mode">tree,form</field>
            <field name="context">{'search_default_draft': 1}</field>
            <field name="search_view_id" ref="view_subject_search"/>
        </record>


<!--sms classes-->
        <record model="ir.ui.view" id="view_classes_form">
         <field name="name">classes.form</field>
         <field name="model">sms.classes</field>
         <field name="arch" type="xml">
            <form string="Subject" version="7.0">
 			 <sheet>
				 <group>
                  <group string="Classes Information">
                    <field name="name" required="1"/>
					<field name="desc"/>
					<field name="alias"/>
					<field name="script"/>
					<field name="category"/>
					<field name="sequence"/>
                  </group>
				</group>  
                <group string="Grading Policy">
      				<field name="grading_policy" colspan="4" nolabel="1"/>
				</group>
        
				<group></group>
			</sheet>	 	
              </form>
            </field>
        </record>
        <record model="ir.ui.view" id="view_classes_tree">
            <field name="name">classes.tree</field>
            <field name="model">sms.classes</field>
            <field name="arch" type="xml">
                <tree string="All subjects">
                        <field name="name" required="1"/>
						<field name="desc"/>
						<field name="alias"/>
						<field name="script"/>
						<field name="category"/>     
						<field name="sequence"/>
                </tree>
            </field>
        </record>

        <record id="view_classes_search" model="ir.ui.view">
            <field name="name">classes.search</field>
            <field name="model">sms.classes</field>
            <field name="arch" type="xml">
                <search string="Search classes">
                    <field name="name" string="subject Name"/>
                    <field name="desc" string="Start Date"/>
                </search>
            </field>
        </record>

        <record model="ir.actions.act_window" id="action_classes">
            <field name="name">Classes</field>
            <field name="res_model">sms.classes</field>
            <field name="type">ir.actions.act_window</field>
            <field name="view_type">form</field>
            <field name="view_mode">tree,form</field>
            <field name="context">{'search_default_draft': 1}</field>
            <field name="search_view_id" ref="view_classes_search"/>
        </record>


 	<!-- Class Grading Policy -->
    <record model="ir.ui.view" id="view_sms_grading_policy">
      <field name="name">Grading Policy</field>
      <field name="model">sms.grading.policy</field>
      <field name="type">form</field>
      <field name="arch" type="xml">
        <form string="Grading Policy">
          <field name="name"/>
          <field name="lower_limit"/>
          <field name="upper_limit"/>
          <field name="grade_point"/>
          <field name="subject_remarks"/>
        </form>
      </field>
    </record>
    <record model="ir.ui.view" id="view_sms_grading_policy">
      <field name="name">Grading Policy</field>
      <field name="model">sms.grading.policy</field>
      <field name="type">tree</field>
      <field name="arch" type="xml">
        <tree string="Grading Policy">
          <field name="name"/>
          <field name="lower_limit"/>
          <field name="upper_limit"/>
          <field name="grade_point"/>
          <field name="subject_remarks"/>
          <field name="class_id"/>
        </tree>
      </field>
    </record>
    <record model="ir.actions.act_window" id="action_sms_grading_policy">
      <field name="name">Grading Policy</field>
      <field name="res_model">sms.grading.policy</field>
      <field name="view_type">form</field>
      <field name="view_mode">tree,form</field>
    </record>

<!-- sms.class section-->
        <record model="ir.ui.view" id="view_class_section_form">
         <field name="name">classsection.form</field>
         <field name="model">sms.class.section</field>
         <field name="arch" type="xml">
            <form string="Class Section" version="7.0">
 			 <sheet>
				 <group>
                  <group string="Class Sections">
                    <field name="name" required="1" readonly ="1"/>
					<field name="active" readonly ="1"/>
                  </group>
				</group>  
			</sheet>	 	
              </form>
            </field>
        </record>
        <record model="ir.ui.view" id="view_class_section_tree">
            <field name="name">classsection.tree</field>
            <field name="model">sms.class.section</field>
            <field name="arch" type="xml">
                <tree string="Class Sections">
                        <field name="name" required="1"/>
						<field name="active"/>
                </tree>
            </field>
        </record>

        <record id="view_classsection_search" model="ir.ui.view">
            <field name="name">classsection.search</field>
            <field name="model">sms.class.section</field>
            <field name="arch" type="xml">
                <search string="Search Class Section Record">
                    <field name="name" string="Class Section Name"/>
                </search>
            </field>
        </record>

        <record model="ir.actions.act_window" id="action_class_section">
            <field name="name">Class Sections</field>
            <field name="res_model">sms.class.section</field>
            <field name="type">ir.actions.act_window</field>
            <field name="view_type">form</field>
            <field name="view_mode">tree,form</field>
            <field name="context">{'search_default_draft': 1}</field>
            <field name="search_view_id" ref="view_classsection_search"/>
        </record>

<!-- sms.Year-->
        <record model="ir.ui.view" id="view_smsyear_form">
         <field name="name">year.form</field>
         <field name="model">sms.year</field>
         <field name="arch" type="xml">
            <form string="" version="7.0">
 			 <sheet>
				 <group>
                  <group string="Year">
                    <field name="name" required="1"/>
					<field name="active"/>
                  </group>
				</group>  
			</sheet>	 	
              </form>
            </field>
        </record>
        <record model="ir.ui.view" id="view_smsyear_tree">
            <field name="name">year.tree</field>
            <field name="model">sms.year</field>
            <field name="arch" type="xml">
                <tree string="Years">
                        <field name="name" required="1"/>
						<field name="active"/>
                </tree>
            </field>
        </record>

        <record id="view_years_search" model="ir.ui.view">
            <field name="name">smsyears.search</field>
            <field name="model">sms.year</field>
            <field name="arch" type="xml">
                <search string="Search Class Section Record">
                    <field name="name" string="Year"/>
                </search>
            </field>
        </record>

        <record model="ir.actions.act_window" id="action_smsyear">
            <field name="name">Years</field>
            <field name="res_model">sms.year</field>
            <field name="type">ir.actions.act_window</field>
            <field name="view_type">form</field>
            <field name="view_mode">tree,form</field>
            <field name="context">{'search_default_draft': 1}</field>
            <field name="search_view_id" ref="view_years_search"/>
        </record>

<!-- sms.months-->
            <record model="ir.ui.view" id="view_month_tree">
            <field name="name">month.tree</field>
            <field name="model">sms.month</field>
            <field name="arch" type="xml">
                <tree string="Years">
                        <field name="code" required="1"/>
						<field name="name" required="1"/>
                </tree>
            </field>
        </record>
            <record model="ir.actions.act_window" id="action_smsmonth">
            <field name="name">Months</field>
            <field name="res_model">sms.month</field>
            <field name="type">ir.actions.act_window</field>
            <field name="view_type">form</field>
            <field name="view_mode">tree</field>
            <field name="context">{'search_default_draft': 1}</field>
        </record>

<!--sms student basic info-->
		<record model="ir.ui.view" id="custom_module_kanban_view">
            <field name="name">student.kanban</field>
            <field name="model">sms.student</field>
            <field name="type">kanban</field>
            <field name="arch" type="xml">
                <kanban>
                    <!--list of field to be loaded -->
                    <field name="name" />
                    <field name="image" />
                    <templates>
                    <t t-name="kanban-box">
                            <div class="oe_product_vignette">
                                <a type="open">
                                    <img class="oe_kanban_image"
                                        t-att-src="kanban_image('your_model', 'image', record.id.value)" />
                                </a>
                                <div class="oe_product_desc">
                                    <h4>
                                        <a type="edit">
                                            <field name="name"></field>
                                        </a>
                                    </h4>
                                    <ul>
                                        <li><field name="phone" /></li>
                                    </ul>
                                </div>
                            </div>
                        </t>
                    </templates>
                </kanban>
            </field>
        </record>

        <record model="ir.ui.view" id="view_student_form">
         <field name="name">student.form</field>
         <field name="model">sms.student</field>
         <field name="arch" type="xml">
            <form string="Student" version="7.0">
			<header>
			<button name="%(action_admit_student)d" string="Admit" states="Draft" type="action" class="oe_highlight" groups=""/>
			<button name="%(action_assign_class_to_student)d" string="Assign Class" type="action" class="oe_highlight" groups="" attrs="{'invisible':[('current_state','!=','Failed')]}"/>
			<button name="%(report_admission_form_filled_id)d" string="Admission Form" states="Draft,Admitted" type="action" class="oe_highlight" groups=""/>
			<button name="promote_std" string="Promote" states="admitted" type="object" class="oe_highlight" groups=""/>
			<button name="%(action_withdraw_student)d" string="Withdraw" states="Admitted" type="action" class="oe_highlight" groups=""/>
            <field name="state" widget="statusbar" statusbar_visible="Draft,Admitted,Pass Out"/>
             </header> 			 
			<sheet>
			<!--<field name="image_medium" widget='image' class="oe_left oe_avatar"/>-->
            <field name="image" widget='image' class="oe_left oe_avatar"/>
            <div class="oe_title"><label for="name" class="oe_edit_only"/>
			<h1><field name="name" placeholder="Student Name" /></h1>
			<h2><field name="current_class" placeholder="current_class" /></h2>
			</div>
			<field name="registration_no" widget="" placeholder="" groups=""/> 
			<div class="oe_right oe_button_box" name="button_box">
			<!-- Put here related buttons -->
			</div>
				<notebook>
                <page string="Contact Information">
				 <group>
                  <group string="Contact">
					<field name="phone"  />
					<field name="cell_no" required ="1"/>
					<field name="fax_no"/>
					<field name="email" />
                  </group>	
					<group string="Present Address">
					<field name="cur_address"   />
					<field name="cur_city"/>
					<field name="cur_country" required ="1" />
                  </group>
				   <group string="Permanent Address">
					<field name="permanent_address" />
					<field name="permanent_city"/>
					<field name="permanent_country"/>
                  </group>
					<group string="Personal">
                    <field name="religion" />
					<field name="birthday" />
					<field name="gender" required="1"/>
					<field name="father_name" required="1"/>
					<field name="father_nic"/>
					<field name="father_occupation"/>
                  </group>
				</group>  
			   </page>
				<page string="Admission information">
				 <group>
                    <group string="Admission">
                   	<field name="entrytest_per"/>
					<field name="admitted_to_class"/>
				   	<field name="desired_class"/>
					<field name="admitted_on"/>
				    </group> 
                    <group string="Previous">
				    <field name="previous_school"/>
				    <field name="reason_leaving"/>	
					<field name="current_state" invisible="1"/>	
					
				    </group> 
				</group>  
			    </page>
				
				<page string="Academics">
				   <field name="classes_history"/>
				   <field name="reg_nos"/>	
			    </page>
				</notebook>
								
				<notebook>
				<page string="Achievements">
                    <field name="achievements_ids" nolabel="1" colspan="4"/> 
                 </page>
				 <page string="References">
				   <field name="reference_ids" nolabel="1" colspan="4"/> 
			     </page>
				 <page string="Previous School">
                    <field name="previous_school_ids" nolabel="1" colspan="4"/> 
                  </page>
				 <page string="Guardian">
                    <field name="family_contact_ids" nolabel="1" colspan="4"/> 
                  </page>
						<page string="Medical">
                            		<field name="blood_grp"/>
									<group string="Does the applicant have any Disabilities?" col="6" colspan="4">
									<field name="eye"/>
                                    <field name="ear"/>
                                    <field name="nose_throat"/>
                                    <field name="respiratory"/>
                                    <field name="cardiovascular"/>
                                    <field name="neurological"/>
                                    <field name="muskoskeletal"/>
                                    <field name="dermatological"/>
                                    <field name="blood_pressure"/>
                                </group>
                            <separator string="Notes" colspan="4"/>
                            <group col="6" colspan="4">
                                <field name="medical_comment" placeholder="Notes About Medical.." nolabel="1"/>
                            </group>
                        </page>
					
				</notebook>
			  <field name="state" readonly ="1"/>
			</sheet>	 	
              </form>
            </field>
        </record>
        <record model="ir.ui.view" id="view_student_tree">
            <field name="name">student.tree</field>
            <field name="model">sms.student</field>
            <field name="arch" type="xml">
                <tree colors="blue:state == 'Draft'" string="All Student">
                        <field name="name" required="1"/>
						<field name="father_name" required="1"/>
						<field name="current_class"/>
						<field name="gender" />
						<field name="state"/>
                </tree>
            </field>
        </record>

        <record id="view_student_search" model="ir.ui.view">
            <field name="name">student.search</field>
            <field name="model">sms.student</field>
            <field name="arch" type="xml">
                <search string="Search students">
                    <field name="name" string="student Name"/>
                </search>
            </field>
        </record>

        <record model="ir.actions.act_window" id="action_student_admitted">
            <field name="name">Students</field>
            <field name="res_model">sms.student</field>
            <field name="type">ir.actions.act_window</field>
            <field name="view_type">form</field>
			<field name="domain">[('state','=','Admitted')]</field>
            <field name="view_mode">tree,form, kanban</field>
            <field name="search_view_id" ref="view_student_search"/>
        </record>

		<record model="ir.actions.act_window" id="action_student_draft">
            <field name="name">Students(Draft)</field>
            <field name="res_model">sms.student</field>
            <field name="type">ir.actions.act_window</field>
            <field name="view_type">form</field>
            <field name="view_mode">tree,form, kanban</field>
            <field name="domain">[('state','=','Draft')]</field>
            <field name="search_view_id" ref="view_student_search"/>
        </record>

		<record model="ir.actions.act_window" id="action_student_withdrawled">
            <field name="name">Students(Withdraw)</field>
            <field name="res_model">sms.student</field>
            <field name="type">ir.actions.act_window</field>
            <field name="view_type">form</field>
            <field name="view_mode">tree,form, kanban</field>
            <field name="domain">[('state','in',['admission_cancel','drop_out','deceased','slc','pass_out'])]</field>
            <field name="search_view_id" ref="view_student_search"/>
        </record>

		<record model="ir.actions.act_window" id="action_student_failed">
            <field name="name">Students (Failed)</field>
            <field name="res_model">sms.student</field>
            <field name="type">ir.actions.act_window</field>
            <field name="view_type">form</field>
            <field name="view_mode">tree,form, kanban</field>
            <field name="domain">[('current_state','=','Failed')]</field>
            <field name="search_view_id" ref="view_student_search"/>
        </record>

<!--Student Previous School-->
<record model="ir.ui.view" id="view_std_pre_school_form">
         <field name="name">student.previous.school</field>
         <field name="model">student.previous.school</field>
         <field name="arch" type="xml">
             <form string="Previous School Details" version="7.0">
                <separator string="Previous School Details"/>
                <group col="4" colspan="4">
                    <field name="name"  placeholder="School Name"/>
                    <field name="registration_no" placeholder="Registration No" />
                    <field name="admission_date" />
                    <field name="exit_date"/>
                </group>
            </form>
            </field>
        </record>
        <record model="ir.ui.view" id="view_std_pre_schoos_tree">
            <field name="name">student.previous.school</field>
            <field name="model">student.previous.school</field>
            <field name="arch" type="xml">
               <tree string="Previous School Details">
                                    <field name="name"/>
                                    <field name="registration_no"/>
                                    <field name="admission_date"/>
                                    <field name="exit_date"/>
                                </tree>
            </field>
        </record> 
	
<!--Student registration nos-->
	<record model="ir.ui.view" id="view_student_registration_nos_form">
         <field name="name">sms.registration.nos</field>
         <field name="model">sms.registration.nos</field>
         <field name="arch" type="xml">
             <form string="Registration Numbers" version="7.0">
                <group col="4" colspan="4">
                    <field name="name"/>
                    <field name="class_category" />
                    <field name="is_active"/>
                </group>
            </form>
            </field>
        </record>

        <record model="ir.ui.view" id="view_student_registration_nos_tree">
            <field name="name">sms.registration.nos</field>
            <field name="model">sms.registration.nos</field>
            <field name="arch" type="xml">
                <tree string="Registration Numbers">
                <field name="name"/>
				<field name="class_category"/>
				<field name="is_active"/>
            </tree>
            </field>
        </record>
 
<!--Student Student Achievements-->
<record model="ir.ui.view" id="view_achievements_form">
         <field name="name">student.achievements.form</field>
         <field name="model">student.achievements</field>
         <field name="arch" type="xml">
            <form string="" version="7.0">
 			 <sheet>
				   <group col="4" >
                    <field name="description" placeholder="Description About Certificate"/>
                    <field name="certi"/>
                </group>
			</sheet>	 	
              </form>
            </field>
        </record>
        <record model="ir.ui.view" id="view_student_achievements_tree">
            <field name="name">student.achievements</field>
            <field name="model">student.achievements</field>
            <field name="arch" type="xml">
                <tree string="Certifaicate">
                                    <field name="description"/>
                                </tree>
            </field>
        </record> 

<!--Student Guardain Information-->
<record model="ir.ui.view" id="view_student_guardian_contact_form">
         <field name="name">student.guardian.contact.form</field>
         <field name="model">student.guardian.contact</field>
         <field name="arch" type="xml">
            <form string="" version="7.0">
 			 <sheet>
				  <group col="2" >
	                <separator colspan="2"/>
						<field name='name' nolabel = "1" placeholder="Name"  />	                
						<field name='rel_name' nolabel = "1" placeholder="Name" />
						<field name='phone' nolabel = "1" placeholder="Phone" />
						<field name='email' nolabel = "1" placeholder="Email" />
	                
	            </group>
			</sheet>	 	
              </form>
            </field>
        </record>
        <record model="ir.ui.view" id="view_student_guardian_contact_tree">
            <field name="name">student.guardian.contact</field>
            <field name="model">student.guardian.contact</field>
            <field name="arch" type="xml">
                <tree string="Family  Contact Details">
                        <field name='name' placeholder="Name"  />	                
						<field name='rel_name'  placeholder="Name" />
						<field name='phone'  placeholder="Phone" />
						<field name='email'  placeholder="Email" />
	                
                </tree>
            </field>
        </record> 


<record model="ir.ui.view" id="view_std_refrence_form">
         <field name="name">student.reference.form</field>
         <field name="model">student.reference</field>
         <field name="arch" type="xml">
            <form string="" version="7.0">
 			 <sheet>
				  <group col="4" colspan="4">
	                <field name="name" placeholder="First Name"/>
	                <field name="gender"/>
	                <field name="middle" placeholder="Middle Name"/>
	                <field name="designation" placeholder="Designation"/>
	                <field name="last" placeholder="Last Name"/>
	                <field name="phone" placeholder="Phone Number"/>
                 </group>
			</sheet>	 	
              </form>
            </field>
        </record>
        <record model="ir.ui.view" id="view_std_refrence_tree">
            <field name="name">student.reference</field>
            <field name="model">student.reference</field>
            <field name="arch" type="xml">
                <tree string="Reference">
                    <field name="name" />
                    <field name="middle"/>
                    <field name="last"/>
                    <field name="designation"/>
                    <field name="phone"/>
                    <field name="gender"/>
                </tree>
            </field>
        </record>

	
<!--sms.academiccalendar-->
        <record model="ir.ui.view" id="view_session_classes_form">
         <field name="name">session.classes.form</field>
         <field name="model">sms.academiccalendar</field>
         <field name="arch" type="xml">
            <form string="" version="7.0">
 			 <header>
             <button name="start_class" string="Start Class" states="Draft" type="object" class="oe_highlight" groups=""/>
			 <button name="load_subjects" string="Load Subjects" states="Draft"   type="object" class="oe_highlight" groups=""/>
			 <!--
			 <button name="load_timetable" string="Load Timetable" states="subjects_loaded" type="object" class="oe_highlight" groups=""/>
			 -->
			 <!--
			 <button name="load_students_from_excel" string="Load Students" states="subjects_loaded" type="object" class="oe_highlight" groups=""/>
			 -->
			 
			<field name="state" widget="statusbar" statusbar_visible="Draft,active,complete"/>
             </header>
			<sheet>
			<div><label for="session_id"/><h1><field name="name"/></h1></div>
			
			<group>
				<group>
					<field name="session_id" widget="selection" attrs="{'readonly':[('state','IN',['Active','Complete'])]}"  />
					<field name="class_id"   widget="selection" attrs="{'readonly':[('state','IN',['Active','Complete'])]}" />
				</group>
				<group>
					<field name="section_id" widget="selection" attrs="{'readonly':[('state','IN',['Active','Complete'])]}" />
					<field name="group_id"   widget="selection"   attrs="{'readonly':[('state','IN',['Active','Complete'])]}" />
				</group>
			</group>
			<notebook>
            <page string="General">
			 <group>
				<group>
				  	<field name="cur_strength"/>
					<field name="max_stds"/>
				</group>
				<group>
					<field name="date_started" attrs="{'invisible':[('state','IN',['Draft'])]}" readonly = "1"/>
					<field name="started_by" attrs="{'invisible':[('state','IN',['Draft'])]}" readonly = "1"/>
				 </group>
				 <group>
					<field name="date_closed" attrs="{'invisible':[('state','IN',['Draft','Active'])]}" readonly = "1"/>
					<field name="closed_by"  attrs="{'invisible':[('state','IN',['Draft','Active'])]}" readonly = "1"/>
                </group>	
				<group string="">
					<field name="subjects_loaded" readonly = "1"/>
					<field name="fee_defined" readonly = "1"/>
					<field name="timetable_created" readonly = "1"/>
				</group>
			</group>  
		   </page>
			<page string="Students">
			<field name="acad_cal_students" readonly="1"/>
			</page>
		  <page string="Subjects">
		 		<field name="assigned_subjects"  attrs="{'readonly':[('state','IN',['Active','Complete'])]}" />
          </page>	
		<page string="Help">
		 		<field name="helptxt"/>
          </page>

		   </notebook>
		</sheet>	 	
          </form>
        </field>
        </record>
        <record model="ir.ui.view" id="view_session_classes_tree">
            <field name="name">session.classes.tree</field>
            <field name="model">sms.academiccalendar</field>
            <field name="arch" type="xml">
                <tree string="Academic Calendar">
                        <field name="name" />
						<field name="session_id"/>
						<field name="class_id"/>
						<field name="section_id"/>
						<field name="max_stds"/>
						<field name="cur_strength"/>
						
						<!-- <field name="state"/> -->
                </tree>
            </field>
        </record>

        <record id="view_session_classes_search" model="ir.ui.view">
            <field name="name">student.search</field>
            <field name="model">sms.academiccalendar</field>
            <field name="arch" type="xml">
                <search string="Search Session Classes">
                    <field name="name" string=""/>
                </search>
            </field>
        </record>

        <record model="ir.actions.act_window" id="action_session_classes">
            <field name="name">Academic Calenders</field>
            <field name="res_model">sms.academiccalendar</field>
            <field name="type">ir.actions.act_window</field>
            <field name="view_type">form</field>
            <field name="view_mode">tree,form</field>
			<field name="domain">[('state','=','Active')]</field>
            <field name="context">{'search_default_draft': 1}</field>
            <field name="search_view_id" ref="view_session_classes_search"/>
        </record>

		 <record model="ir.actions.act_window" id="action_session_classes_draft">
            <field name="name">Academic Calenders(Draft)</field>
            <field name="res_model">sms.academiccalendar</field>
            <field name="type">ir.actions.act_window</field>
            <field name="view_type">form</field>
			<field name="domain">[('state','=','Draft')]</field>
            <field name="view_mode">tree,form</field>
            <field name="context">{'search_default_draft': 1}</field>
            <field name="search_view_id" ref="view_session_classes_search"/>
        </record>

		 <record model="ir.actions.act_window" id="action_session_classes_complete">
            <field name="name">Academic Calenders(Draft)</field>
            <field name="res_model">sms.academiccalendar</field>
            <field name="type">ir.actions.act_window</field>
            <field name="view_type">form</field>
			<field name="domain">[('state','=','Complete')]</field>
            <field name="view_mode">tree,form</field>
            <field name="context">{'search_default_draft': 1}</field>
            <field name="search_view_id" ref="view_session_classes_search"/>
        </record>

<!--sms.academiccalendar.student-->
        <record model="ir.ui.view" id="view_std_clss_reg_form">
         <field name="name">academiccalendar.student.form</field>
         <field name="model">sms.academiccalendar.student</field>
         <field name="arch" type="xml">
            <form string="Student Classes" version="7.0">
			<sheet>
			<field name="std_id" readonly ="1"/>
			<field name="name" readonly ="1"/>
			<notebook>
            <page string="Student class">
			<group>
            <group string="">
				<field name="marks_per"/>
            </group>	
			<group string="">
			 	<field name="attendance_per"/>
            </group>
			</group>  
		    </page>
			<page string = "Subjects">
		    	 <field name="std_reg_lineID"/>
			</page>
			
			<page string = "Attendance">
		    	 <field name="class_att_ids"/>
			</page>
	
		    </notebook>
			<field name="state"/>
		</sheet>	 	
          </form>
        </field>
        </record>
        <record model="ir.ui.view" id="view_std_clss_reg_tree">
            <field name="name">academiccalendar.student.tree</field>
            <field name="model">sms.academiccalendar.student</field>
            <field name="arch" type="xml">
                <tree string="Session Classes With Sections">
                        <field name="name"  />
						<field name="std_id" invisible = "1"/>
						<field name="attendance_per"/>
						 <field name="marks_per"/>
						<field name="state"/>
                </tree>
            </field>
        </record>

        <record id="view_std_cls_reg_search" model="ir.ui.view">
            <field name="name">student.search</field>
            <field name="model">sms.academiccalendar.student</field>
            <field name="arch" type="xml">
                <search string="Search student classes">
                    <field name="name" string=""/>
                </search>
            </field>
        </record>

        <record model="ir.actions.act_window" id="action_std_cls_reg">
            <field name="name">Student Classes</field>
            <field name="res_model">sms.academiccalendar.student</field>
            <field name="type">ir.actions.act_window</field>
            <field name="view_type">form</field>
			<field name="domain">[('state','=','Current')]</field>
            <field name="view_mode">tree,form</field>
            <field name="context">{'search_default_draft': 1}</field>
            <field name="search_view_id" ref="view_std_cls_reg_search"/>
        </record>

<!-- sms.academiccalendar.subjects -->
        <record model="ir.ui.view" id="view_clss_subjects_form">
         <field name="name">class.sub.form</field>
         <field name="model">sms.academiccalendar.subjects</field>
         <field name="arch" type="xml">
            <form string="Class Subjects" version="7.0">
			<sheet>
			<notebook>
            <page string="">
			<group readonly ="1">
			<field name="name"/>
			<field name="subject_id" readonly = "1"/>
			<field name="academic_calendar" readonly = "1"/>
			<field name="state" readonly = "1"/>
			</group>
              <group readonly ="1" >
			  <field name="total_marks"/>
			  <field name="passing_marks"/>
			  <field name="min_require_att"/>
  			  <field name="teacher_id"/>
              </group>	
		   </page>
		   </notebook>
		</sheet>	 	
          </form>
        </field>
        </record>
        <record model="ir.ui.view" id="view_class_subjects_tree">
            <field name="name">class.subjects</field>
            <field name="model">sms.academiccalendar.subjects</field>
            <field name="arch" type="xml">
            <tree string="Classes With Sections" editable="top">
                <field name="name" invisible = "True"/>
				<field name="subject_id"/>
				<field name="teacher_id"/>
				<field name="total_marks"/>
			    <field name="passing_marks"/>
			    <field name="min_require_att"/>
				<field name="has_practical"/>
				<field name="is_practical"/>
				<field name="reference_practical_of"/>
				<field name="state" on_change="onchange_cls_subject_state(state,name)"/>
                </tree>
            </field>
        </record>

	<record model="ir.actions.act_window" id="action_acad_cal_subjects">
            <field name="name">Class Subjects</field>
            <field name="res_model">sms.academiccalendar.subjects</field>
            <field name="type">ir.actions.act_window</field>
            <field name="view_type">form</field>
            <field name="view_mode">tree</field>
        </record>
<!--sms.student.subject-->
<!--this view is set for classes with no specific subject attendance, for subject wise attendance create another view of the same object-->
        <record model="ir.ui.view" id="view_clss_subjects_form">
         <field name="name">sms.student.subject</field>
         <field name="model">sms.student.subject</field>
         <field name="arch" type="xml">
            <form string="Student Subjects" version="7.0">
			<sheet>
			<h2><field name="student_id" readonly = "1"/></h2>
			<h3><field name="name"/></h3>
			<field name="subject_remarks"/>	
			<notebook>
            <page string="Results">
			  <group string="Examination">
				<field name="subject_exams_result" nolabel = "1"/>	
              </group>		
		   </page>
		   </notebook>
		</sheet>	 	
          </form>
        </field>
        </record>
        <record model="ir.ui.view" id="view_clss_subjects_tree">
            <field name="name">sms.student.subject</field>
            <field name="model">sms.student.subject</field>
            <field name="arch" type="xml">
            <tree string="Session Classes With Sections">
			  <field name="name"/>
     		   <field name="subject_status"/>	
				<field name="subject_remarks"/>	
                </tree>
            </field>
        </record>

<!--Default DATA-->
<!-- sms. default academic calneder-->
        <record model="ir.ui.view" id="view_default_acad_cal_form">
         <field name="name">default.academiccalendar.form</field>
         <field name="model">sms.academiccalendar.default</field>
         <field name="arch" type="xml">
            <form string="Default Classes" version="7.0">
 			 <sheet>
				 <div class="oe_title"><label for="name" class="oe_edit_only"/><field name="name" required="1"/></div>
				<notebook>
                <page string = "Academics">
                    <field name="default_subjects_id" required="1"/>
			   </page>
			 <page string = "Fee Deails">
				 <group string="Regular Fee">
                    <field name="admission_fee" required="1"/>
					<field name="monthly_fee" required="1"/>
					<field name="annual_fee" required="1"/>
					<field name="library_fee" required="1"/>
				</group>
				<group string="Partial Fee">
                    <field name="partial_admission_fee" required="1"/>
					<field name="partial_monthly_fee"   required="1"/>
					<field name="partial_annual_fee"    required="1"/>
					<field name="partial_libraryfee"    required="1"/>
				</group>  
			   </page>	
			   </notebook>
			</sheet>	 	
              </form>
            </field>
        </record>

        <record model="ir.ui.view" id="view_default_acad_cal_tree">
            <field name="name">default.acad.cal.tree</field>
            <field name="model">sms.academiccalendar.default</field>
            <field name="arch" type="xml">
                <tree string="Class Groups">
                    <field name="name" />
					<field name="admission_fee" />
					<field name="monthly_fee" />
					<field name="annual_fee" />
					<field name="library_fee" />
					 <field name="partial_admission_fee" />
					<field name="partial_monthly_fee" />
					<field name="partial_annual_fee" />
					<field name="partial_libraryfee" />
                </tree>
            </field>
        </record>

        <record id="view_default_acad_cal_search" model="ir.ui.view">
            <field name="name">class.group.search</field>
            <field name="model">sms.group</field>
            <field name="arch" type="xml">
                <search string="Search Class Groups">
                    <field name="name" string="Group Name"/>
                </search>
            </field>
        </record>

        <record model="ir.actions.act_window" id="action_default_acad_cal">
            <field name="name">Default Academic Calendars</field>
            <field name="res_model">sms.academiccalendar.default</field>
            <field name="type">ir.actions.act_window</field>
            <field name="view_type">form</field>
            <field name="view_mode">tree,form</field>
            <field name="context">{'search_default_draft': 1}</field>
            <field name="search_view_id" ref="view_default_acad_cal_search"/>
        </record>


<!-- sms. default academic calneder subjects-->
        <record model="ir.ui.view" id="view_default_acad_cal_subjects_form">
         <field name="name">default.academiccalendar.subjects.form</field>
         <field name="model">sms.academiccalendar.subjects.default</field>
         <field name="arch" type="xml">
            <form string="Default Classes" version="7.0">
 			 <sheet>
				 <group string="">
                    <field name="academic_calendar"  invisible="1" />
					<field name="name"/>
					<field name="no_of_classes"/>
					<field name="lab_required" />
				</group>
			</sheet>	 	
              </form>
            </field>
        </record>

        <record model="ir.ui.view" id="view_default_acad_cal_subjects_tree">
            <field name="name">default.acad.cal.tree</field>
            <field name="model">sms.academiccalendar.subjects.default</field>
            <field name="arch" type="xml">
                <tree string="default acad subjects">
                    <field name="academic_calendar" invisible ="1"/>
					<field name="name"/>
					<field name="no_of_classes"/>
					<field name="lab_required" />
                </tree>
            </field>
        </record>

		<!-- sms.time -->
        <record model="ir.ui.view" id="view_sms_time_form">
         <field name="name">sms.time.form</field>
         <field name="model">sms.time</field>
         <field name="arch" type="xml">
            <form string="SMS Time" version="7.0">
 			 <sheet>
				 <group string="SMS Time">
                    <field name="name"/>
					<field name="hour"/>
					<field name="minute"/>
					<field name="am_pm"/>
				</group>  
			</sheet>	 	
              </form>
            </field>
        </record>

        <record model="ir.ui.view" id="view_sms_time_tree">
            <field name="name">sms.time.tree</field>
            <field name="model">sms.time</field>
            <field name="arch" type="xml">
                <tree string="SMS Time">
                    <field name="name"/>
					<field name="hour"/>
                	<field name="minute"/>
                </tree>
            </field>
        </record>

        <record id="view_sms_time_search" model="ir.ui.view">
            <field name="name">sms.time.search</field>
            <field name="model">sms.time</field>
            <field name="arch" type="xml">
                <search string="Time">
                    <field name="name" string="Time"/>
                </search>
            </field>
        </record>

        <record model="ir.actions.act_window" id="action_sms_time">
            <field name="name">Time</field>
            <field name="res_model">sms.time</field>
            <field name="type">ir.actions.act_window</field>
            <field name="view_type">form</field>
            <field name="view_mode">tree,form</field>
            <field name="context">{'search_default_draft': 1}</field>
            <field name="search_view_id" ref="view_sms_time_search"/>
        </record>

	<!-- sms.timetable.slot-->
        <record model="ir.ui.view" id="view_sms_timetable_slot_form">
         <field name="name">timetable.slot.form</field>
         <field name="model">sms.timetable.slot</field>
         <field name="arch" type="xml">
            <form string="Timetable Slot" version="7.0">
 			 <sheet>
				<field name="name" widget="" placeholder="Name" groups=""/> 
					<group>
					<field name="start_time" required="1"/>
					<field name="end_time" required="1"/>
				</group>
			</sheet>	 	
              </form>
            </field>
        </record>

        <record model="ir.ui.view" id="view_sms_timetable_slot_tree">
            <field name="name">sms.timetable.slot.tree</field>
            <field name="model">sms.timetable.slot</field>
            <field name="arch" type="xml">
                <tree string="Timetable Slot">
					<field name="name"/>
					<field name="start_time"/>
					<field name="end_time"/>
                </tree>
            </field>
        </record>

        <record id="view_sms_timetable_slot_search" model="ir.ui.view">
            <field name="name">sms.timetable.slot.search</field>
            <field name="model">sms.timetable.slot</field>
            <field name="arch" type="xml">
                <search string="Timetable Slot Search">
                    <field name="name" string="name"/>
                </search>
            </field>
        </record>

        <record model="ir.actions.act_window" id="action_sms_timetable_slot">
            <field name="name">Timetable Slot</field>
            <field name="res_model">sms.timetable.slot</field>
            <field name="type">ir.actions.act_window</field>
            <field name="view_type">form</field>
            <field name="view_mode">tree,form</field>
            <field name="context">{'search_default_draft': 1}</field>
            <field name="search_view_id" ref="view_sms_timetable_slot_search"/>
        </record>


	<!-- sms.day-->
        <record model="ir.ui.view" id="view_sms_day_form">
         <field name="name">sms.day.form</field>
         <field name="model">sms.day</field>
         <field name="arch" type="xml">
            <form string="Day" version="7.0">
 			 <sheet>
				<group>
					<field name="name"/>
					<field name="active"/>
				</group>
			</sheet>	 	
              </form>
            </field>
        </record>

        <record model="ir.ui.view" id="view_sms_day_tree">
            <field name="name">sms.day.tree</field>
            <field name="model">sms.day</field>
            <field name="arch" type="xml">
                <tree string="Day">
					<field name="name"/>
					<field name="active"/>
                </tree>
            </field>
        </record>

        <record id="view_sms_day_search" model="ir.ui.view">
            <field name="name">sms.day.search</field>
            <field name="model">sms.day</field>
            <field name="arch" type="xml">
                <search string="Day">
                    <field name="name" string="name"/>
                </search>
            </field>
        </record>

        <record model="ir.actions.act_window" id="action_sms_day">
            <field name="name">Day</field>
            <field name="res_model">sms.day</field>
            <field name="type">ir.actions.act_window</field>
            <field name="view_type">form</field>
            <field name="view_mode">tree,form</field>
            <field name="context">{'search_default_draft': 1}</field>
            <field name="search_view_id" ref="view_sms_day_search"/>
        </record>


	<!-- sms.timetable-->
        <record model="ir.ui.view" id="view_sms_timetable_form">
         <field name="name">sms.timetable.form</field>
         <field name="model">sms.timetable</field>
         <field name="arch" type="xml">
            <form string="Timetable" version="7.0">
				<header>
					<button name="%(report_class_timetable)d" string="Class Timetable" states="Draft,Active" type="action" class="oe_highlight" groups=""/>
					<button name="%(report_teacher_timetable)d" string="Teacher Timetable" states="Draft,Active" type="action" class="oe_highlight" groups=""/>
				</header> 
 			 <sheet>
				<group>
					<field name="name"/>
					<field name="state"/>
					<field name="start_date"/>
					<field name="end_date"/>
					<field name="academic_id"/>
				</group>
			<field name="timetable_lines"/>
			</sheet>	 	
              </form>
            </field>
        </record>

        <record model="ir.ui.view" id="view_sms_timetable_tree">
            <field name="name">sms.timetable.tree</field>
            <field name="model">sms.timetable</field>
            <field name="arch" type="xml">
                <tree string="Timetable">
					<field name="name"/>
					<field name="start_date"/>
					<field name="end_date"/>
				 </tree>
            </field>
        </record>

        <record id="view_sms_timetable_search" model="ir.ui.view">
            <field name="name">sms.timetable.search</field>
            <field name="model">sms.timetable</field>
            <field name="arch" type="xml">
                <search string="Timetable Search">
                    <field name="name" string="Name"/>
                </search>
            </field>
        </record>

        <record model="ir.actions.act_window" id="action_sms_timetable">
            <field name="name">Timetable</field>
            <field name="res_model">sms.timetable</field>
            <field name="type">ir.actions.act_window</field>
            <field name="view_type">form</field>
            <field name="view_mode">tree,form</field>
            <field name="context">{'search_default_draft': 1}</field>
            <field name="search_view_id" ref="view_sms_timetable_search"/>
        </record>

	<!-- sms.timetable.lines-->
        <record model="ir.ui.view" id="view_sms_timetable_lines_form">
         <field name="name">timetable.lines.form</field>
         <field name="model">sms.timetable.lines</field>
         <field name="arch" type="xml">
            <form string="Timetable Lines" version="7.0">
 			 <sheet>
				<field name="name" widget="" placeholder="Period No OR Break No" groups=""/> 
				<group>
					<field name="type" on_change="onchange_type(type)"/>
					<!-- <field name="day_id" on_change="onchange_day_id(teacher_id, day_id)"/> -->
					<field name="day_id"/>
					<field name="period_break_no"/>
					<field name="teacher_id" attrs="{'required':[('type','!=','Break')], 'invisible':[('type','=','Break')]}" on_change="onchange_teacher_id(teacher_id, day_id)"/>
					<!-- <field name="teacher_id" attrs="{'required':[('type','!=','Break')], 'invisible':[('type','=','Break')]}"/> -->
					<field name="subject_id" attrs="{'required':[('type','!=','Break')], 'invisible':[('type','=','Break')]}"/>
					<field name="timetable_slot_id"/>
					<field name="is_lab" attrs="{'invisible':[('type','=','Break')]}" />
				</group>	
			</sheet>	 	
              </form>
            </field>
        </record>

        <record model="ir.ui.view" id="view_sms_timetable_lines_tree">
            <field name="name">sms.timetable.lines.tree</field>
            <field name="model">sms.timetable.lines</field>
            <field name="arch" type="xml">
                <tree string="Timetable">
					<field name="name"/>
					<field name="day_id"/>
					<field name="timetable_slot_id"/>
				 </tree>
            </field>
        </record>

        <record id="view_sms_timetable_lines_search" model="ir.ui.view">
            <field name="name">sms.timetable.lines.search</field>
            <field name="model">sms.timetable.lines</field>
            <field name="arch" type="xml">
                <search string="Timetable Lines Search">
                    <field name="name" string="name"/>
                </search>
            </field>
        </record>

        <record model="ir.actions.act_window" id="action_sms_timetable_lines">
            <field name="name">Timetable Lines</field>
            <field name="res_model">sms.timetable.lines</field>
            <field name="type">ir.actions.act_window</field>
            <field name="view_type">form</field>
            <field name="view_mode">tree,form</field>
            <field name="context">{'search_default_draft': 1}</field>
            <field name="search_view_id" ref="view_sms_timetable_lines_search"/>
        </record>



	<!--Default Timetable -->
	<!-- sms. default Timetable -->
        <record model="ir.ui.view" id="view_default_timetable_form">
         <field name="name">default.timetable.form</field>
         <field name="model">sms.timetable.default</field>
         <field name="arch" type="xml">
            <form string="Default Timetable" version="7.0">
 			 <sheet>
				<group string="Timetable">
                    <field name="name"/>
					<field name="timetable_lines"/>
				</group>  
			</sheet>	 	
              </form>
            </field>
        </record>

        <record model="ir.ui.view" id="view_default_timetable_tree">
            <field name="name">default.timetable.tree</field>
            <field name="model">sms.timetable.default</field>
            <field name="arch" type="xml">
                <tree string="Default Timetable">
                    <field name="name"/>
                </tree>
            </field>
        </record>

        <record model="ir.actions.act_window" id="action_default_timetable">
            <field name="name">Default Timetable</field>
            <field name="res_model">sms.timetable.default</field>
            <field name="type">ir.actions.act_window</field>
            <field name="view_type">form</field>
            <field name="view_mode">tree,form</field>
        </record>


	<!--Default Timetable Lines-->
	<!-- sms. default Timetable -->
        <record model="ir.ui.view" id="view_default_timetable_lines_form">
         <field name="name">default.timetable.linesform</field>
         <field name="model">sms.timetable.lines.default</field>
         <field name="arch" type="xml">
            <form string="Default Timetable Lines" version="7.0">
 			 <sheet>
				<group string="Timetable">
                    <field name="name"/>
					<field name="period_break_no"/>
					<field name="type"/>
					<field name="timetable_slot_id"/>
				</group>  

			</sheet>	 	
              </form>
            </field>
        </record>

        <record model="ir.ui.view" id="view_default_timetable_lines_tree">
            <field name="name">default.timetable.lines.tree</field>
            <field name="model">sms.timetable.lines.default</field>
            <field name="arch" type="xml">
                <tree string="Default Timetable Lines">
                    <field name="name"/>
					<field name="period_break_no"/>
					<field name="type"/>
					<field name="timetable_slot_id"/>
                </tree>
            </field>
        </record>

		<record id="view_sms_default_timetable_lines_search" model="ir.ui.view">
            <field name="name">sms.timetable.lines.default.search</field>
            <field name="model">sms.timetable.lines.default</field>
            <field name="arch" type="xml">
                <search string="Default Timetable Lines Search">
                    <field name="name" string="name"/>
                </search>
            </field>
        </record>

        <record model="ir.actions.act_window" id="action_default_timetable_lines">
            <field name="name">Default Timetable Lines</field>
            <field name="res_model">sms.timetable.lines.default</field>
            <field name="type">ir.actions.act_window</field>
            <field name="view_type">form</field>
            <field name="view_mode">tree,form</field>
            <field name="context">{'search_default_draft': 1}</field>
            <field name="search_view_id" ref="view_sms_default_timetable_lines_search"/>
        </record>

<!--Fee Structure-->
	<record model="ir.ui.view" id="view_structure_form">
         <field name="name">sms.feestructure.form</field>
         <field name="model">sms.feestructure</field>
         <field name="arch" type="xml">
            <form string="Fee Structure" version="7.0">
 			 <sheet>
					<group string ="Fee Strucure">
					<group >
							<field name="name" />
							<field name="description" />
					</group>
					<group colspan="3">	
							<field colspan="3" name="helptxt" nolabel ="1" />
					</group>
					</group>
				</sheet>	 	
              </form>
            </field>
        </record>

<record model="ir.ui.view" id="view_feestructure_tree">
            <field name="name">sms.feestructure.tree</field>
            <field name="model">sms.feestructure</field>
            <field name="arch" type="xml">
                <tree string="Fee Structures">
							<field name="name" />
							<field name="description" />
				</tree>
            </field>
        </record>

	<record id="view_feestructure_search" model="ir.ui.view">
            <field name="name">sms.feestructure.search</field>
            <field name="model">sms.feestructure</field>
            <field name="arch" type="xml">
                <search string="Fee Structure">
                    <field name="name" string="name"/>
                </search>
            </field>
        </record>

        <record model="ir.actions.act_window" id="action_feestructure">
            <field name="name">Fee Structure</field>
            <field name="res_model">sms.feestructure</field>
            <field name="type">ir.actions.act_window</field>
            <field name="view_type">form</field>
            <field name="view_mode">tree,form</field>
            <field name="context">{'search_default_draft': 1}</field>
            <field name="view_structure_form" ref="view_feestructure_search"/>
        </record>


<!-- sms.class.attendance -->
    <record model="ir.ui.view" id="class_attendance_history_form">
      <field name="name">class attendancehistory</field>
      <field name="model">sms.attendance</field>
      <field name="type">form</field>
      <field name="arch" type="xml">
        <form string="Teacher Class Attendance History">
          <field name="class"  readonly ="1" select="1"/>
          <field name="teacher"  readonly ="1" select="1"/>
          <field name="cls_date"  readonly ="1" select="1" />
          <field name="class_state"  readonly ="1" />
          <field name="user_id"  readonly ="1" />
          <field name="entry_date" colspan="4"  readonly ="1"/>
        </form>
      </field>
    </record>
    <record model="ir.ui.view" id="attendance_history_tree">
      <field name="name">attendancehistoryu</field>
      <field name="model">sms.attendance</field>
      <field name="type">tree</field>
      <field name="arch" type="xml">
        <tree string=" Teachers classes history.">
          <field name="class"  readonly ="1" />
          <field name="teacher"  readonly ="1" />
          <field name="cls_date"  readonly ="1"  />
          <field name="class_state"  readonly ="1" />
          <field name="user_id"  readonly ="1" />
          <field name="entry_date" colspan="4"  readonly ="1"/>
        </tree>
      </field>
    </record>
    <record model="ir.actions.act_window" id="sms_attendance_history">
      <field name="name"> class attendance history</field>
      <field name="res_model">sms.attendance</field>
      <field name="view_type">form</field>
      <field name="view_mode">tree,form</field>
    </record>
    <!-- sms.attendance END --> 

<!-- sms.class.attendancelines -->
    <record model="ir.ui.view" id="student_attendance_history_form">
      <field name="name">Student attendance history</field>
      <field name="model">sms.attendancelines</field>
      <field name="type">form</field>
      <field name="arch" type="xml">
        <form string="Sutdent Class Attendance">
          <field name="student_class"  readonly ="1" select="1"/>
          <field name="class_id"  readonly ="1" select="1"/>
          <field name="cls_date"  readonly ="1" select="1" />
          <field name="attandence_status"  readonly ="1" />
        </form>
      </field>
    </record>
    <record model="ir.ui.view" id="student_attendance_history_tree">
      <field name="name">attendancehistoryu</field>
      <field name="model">sms.attendancelines</field>
      <field name="type">tree</field>
      <field name="arch" type="xml">
        <tree string="Teachers classes history.">
         <field name="student_class"  readonly ="1"/>
          <field name="class_id"  readonly ="1" />
          <field name="cls_date"  readonly ="1" />
          <field name="attandence_status" readonly ="1"  />
          <field name="attandence_status" readonly ="1"   />
        </tree>
      </field>
    </record>
    <record model="ir.actions.act_window" id="action_student_attendance_history">
      <field name="name">attendance history</field>
      <field name="res_model">sms.attendancelines</field>
      <field name="view_type">form</field>
      <field name="view_mode">tree,form</field>
    </record>
    <!-- sms.attendancelines END --> 



	<!-- sms.exam.type -->
    <record model="ir.ui.view" id="sms_exam_type_form">
      <field name="name">Exam Type</field>
      <field name="model">sms.exam.type</field>
      <field name="type">form</field>
      <field name="arch" type="xml">
        <form string="Exam Type">
          <field name="name"/>
          <field name="sequence_no"/>
        </form>
      </field>
    </record>
    <record model="ir.ui.view" id="sms_exam_type_tree">
      <field name="name">Exam Type</field>
      <field name="model">sms.exam.type</field>
      <field name="type">tree</field>
      <field name="arch" type="xml">
        <tree string="Exam Type">
          <field name="name"/>
          <field name="sequence_no"/>
        </tree>
      </field>
    </record>
    <record model="ir.actions.act_window" id="action_sms_exam_type">
      <field name="name">Exam Type</field>
      <field name="res_model">sms.exam.type</field>
      <field name="view_type">form</field>
      <field name="view_mode">tree,form</field>
    </record>
    <!-- sms.exam.type --> 

<!-- sms.exam -->
    <record model="ir.ui.view" id="sms_exam_form">
      <field name="name">Parent Exams</field>
      <field name="model">sms.exam</field>
      <field name="type">form</field>
      <field name="arch" type="xml">
        <form string="Parent Exam">
          <field name="exam_lines"/>
		  <field name="entry_date"/>
		  <field name="subject_id"/>		
        </form>
      </field>
    </record>
    <record model="ir.ui.view" id="sms_exam_tree">
      <field name="name">Parent Exams</field>
      <field name="model">sms.exam</field>
      <field name="type">tree</field>
      <field name="arch" type="xml">
        <tree string="Parent Exam">
          <field name="exam_lines"/>
		  <field name="entry_date"/>
		  <field name="subject_id"/>		
        </tree>
      </field>
    </record>
    <record model="ir.actions.act_window" id="action_sms_exam">
      <field name="name">Parent Exam</field>
      <field name="res_model">sms.exam</field>
      <field name="view_type">form</field>
      <field name="view_mode">tree,form</field>
    </record>
    <!-- sms.exam --> 

	<!-- sms.exam.lines -->
    <record model="ir.ui.view" id="sms_exam_lines_form">
      <field name="name">Exam Lines</field>
      <field name="model">sms.exam.lines</field>
      <field name="type">form</field>
      <field name="arch" type="xml">
        <form string="Exam Lines">
          <field name="name"/>
          <field name="student_subject"/>
		  <field name="exam_status"/>
		  <field name="obtained_marks"/>		
        </form>
      </field>
    </record>
    <record model="ir.ui.view" id="sms_exam_lines_tree">
      <field name="name">Exam Lines</field>
      <field name="model">sms.exam.lines</field>
      <field name="type">tree</field>
      <field name="arch" type="xml">
        <tree string="Exam Lines">
          <field name="name"/>
          <field name="student_subject"/>
		  <field name="exam_status"/>
		  <field name="obtained_marks"/>		
        </tree>
      </field>
    </record>
    <record model="ir.actions.act_window" id="action_sms_exam_lines">
      <field name="name">Exam Lines</field>
      <field name="res_model">sms.exam.lines</field>
      <field name="view_type">form</field>
      <field name="view_mode">tree,form</field>
    </record>
    <!-- sms.exam.lines --> 


	<!-- sms.exam.default.parent -->
    <record model="ir.ui.view" id="sms_exam_default_form">
      <field name="name">Parent Default Exams</field>
      <field name="model">sms.exam.default</field>
      <field name="type">form</field>
      <field name="arch" type="xml">
        <form string="Default Parent Exam">
          <field name="user_id"/>
          <field name="exam_lines"/>
		  <field name="entry_date"/>
		  <field name="subject_id"/>		
        </form>
      </field>
    </record>
    <record model="ir.ui.view" id="sms_exam_default_tree">
      <field name="name">Parent Default Exams</field>
      <field name="model">sms.exam.default</field>
      <field name="type">tree</field>
      <field name="arch" type="xml">
        <tree string="Default Parent Exam">
          <field name="user_id"/>
          <field name="exam_lines"/>
		  <field name="entry_date"/>
		  <field name="subject_id"/>		
        </tree>
      </field>
    </record>
    <record model="ir.actions.act_window" id="action_sms_exam_default">
      <field name="name">Default Parent Exam</field>
      <field name="res_model">sms.exam.default</field>
      <field name="view_type">form</field>
      <field name="view_mode">tree,form</field>
    </record>
    <!-- sms.exam.default.parent --> 


<!-- sms.exam.default.lines -->
    <record model="ir.ui.view" id="sms_exam_default_lines_form">
      <field name="name">Default Exam Lines</field>
      <field name="model">sms.exam.default.lines</field>
      <field name="type">form</field>
      <field name="arch" type="xml">
        <form string="Default Parent Exam">
          <field name="name"/>
          <field name="father_name"/>
		  <field name="registration_no"/>
		  <field name="exam_type"/>
		  <field name="exam_status" on_change="onchange_exam_status(exam_status)"/>
		  <field name="obtained_marks" on_change="onchange_exam_marks(obtained_marks,exam_type)"/>
		  <field name="total_marks"/>
        </form>
      </field>
    </record>
    <record model="ir.ui.view" id="sms_exam_default_lines_tree">
      <field name="name">Default Exam Lines</field>
      <field name="model">sms.exam.default.lines</field>
      <field name="type">tree</field>
      <field name="arch" type="xml">
        <tree string="Default Parent Exam" editable="top">
          <field name="name"/>
          <field name="father_name"/>
		  <field name="exam_status" on_change="onchange_exam_status(exam_status)"/>
		  <field name="obtained_marks" on_change="onchange_exam_marks(obtained_marks,exam_type)"/>
		  <field name="total_marks"/>
		  <!-- <field name="registration_no"/> -->
		  <field name="exam_type" invisible="1"/>
        </tree>
      </field>
    </record>
    <record model="ir.actions.act_window" id="action_sms_exam_default_lines">
      <field name="name">Default Exam Lines</field>
      <field name="res_model">sms.exam.default.lines</field>
      <field name="view_type">form</field>
      <field name="view_mode">tree,form</field>
    </record>
    <!-- sms.exam.default.lines --> 

	<!-- sms.exam.datesheet -->
    <record model="ir.ui.view" id="sms_exam_datesheet_tree">
      <field name="name">Exam Date Sheet</field>
      <field name="model">sms.exam.datesheet</field>
      <field name="type">tree</field>
      <field name="arch" type="xml">
        <tree string="Papers Dates" editable="top">
          <field name="name"/>
		  <field name="exam_type"/>
 		  <field name="academiccalendar"/>
		  <field name="start_date"/>
		  <field name="status"/>
		  <field name="datesheet_lines"/>	
        </tree>
      </field>
    </record>
    <record model="ir.actions.act_window" id="action_exam_datesheet">
      <field name="name">Exam Date Sheets</field>
      <field name="res_model">sms.exam.datesheet</field>
      <field name="view_type">form</field>
      <field name="view_mode">tree,form</field>
    </record>

    <record model="ir.actions.act_window" id="action_exam_datesheet_active">
      <field name="name">Open Exams</field>
      <field name="res_model">sms.exam.datesheet</field>
      <field name="view_type">form</field>
	  <field name="domain">[('status','=','Active')]</field>
      <field name="view_mode">tree,form</field>
    </record>
    <!-- END sms.exam.datesheet -->

	<!-- sms.exam.datesheet.lines -->
    
    <record model="ir.ui.view" id="sms_exam_datesheet_lines_tree">
      <field name="name">Exam Date Sheet</field>
      <field name="model">sms.exam.datesheet.lines</field>
      <field name="type">tree</field>
      <field name="arch" type="xml">
        <tree string="Papers Dates" editable="top">
          <field name="name"/>
		  <field name="subject"/>
 		  <field name="paper_date"/>
		  <field name="invigilator"/>	
		  <field name="total_marks"/>	
        </tree>
      </field>
    </record>
    <record model="ir.actions.act_window" id="action_exam_datesheet_lines">
      <field name="name">Exam Date Sheets</field>
      <field name="res_model">sms.exam.datesheet.lines</field>
      <field name="view_type">form</field>
      <field name="view_mode">tree,form</field>
    </record>
    <!-- END sms.exam.datesheet -->
 
	<!-- sms.student.promotion -->
    <record model="ir.ui.view" id="sms_student_promotion_form">
      <field name="name">Student Promotion</field>
      <field name="model">sms.student.promotion</field>
      <field name="type">form</field>
      <field name="arch" type="xml">
        <form string="Student Promotion">
		  <field name="registration_no"/>
          <field name="name"/>
          <field name="father_name"/>
		  <field name="obtained_marks"/>
		  <field name="total_marks"/>
		  <field name="promote"/>
		  <field name="promote_conditionally"/>
		  <field name="discontinue"/>
		  <field name="failed"/>
          <field name="pending"/>
        </form>
      </field>
    </record>
    <record model="ir.ui.view" id="sms_student_promotion_tree">
      <field name="name">Student Promotion</field>
      <field name="model">sms.student.promotion</field>
      <field name="type">tree</field>
      <field name="arch" type="xml">
        <tree string="Student Promotion" editable="top">
		  <field name="registration_no"/>
          <field name="name"/>
          <field name="father_name"/>
		  <field name="obtained_marks"/>
		  <field name="total_marks"/>
		  <field name="promote"  on_change="onchange_promote_discontinue_failed('promote', promote,promote_conditionally,discontinue,failed,pending)"/>
		  <field name="promote_conditionally"  on_change="onchange_promote_discontinue_failed('promote_conditionally', promote,promote_conditionally,discontinue,failed,pending)"/>
		  <field name="discontinue" on_change="onchange_promote_discontinue_failed('discontinue', promote,promote_conditionally,discontinue,failed,pending)"/>
		  <field name="failed" on_change="onchange_promote_discontinue_failed('failed', promote,promote_conditionally,discontinue,failed,pending)"/>
		  <field name="pending" on_change="onchange_promote_discontinue_failed('pending', promote,promote_conditionally,discontinue,failed,pending)"/>
        </tree>
      </field>
    </record>
    <record model="ir.actions.act_window" id="action_sms_student_promotion">
      <field name="name">Student Promotion</field>
      <field name="res_model">sms.student.promotion</field>
      <field name="view_type">form</field>
      <field name="view_mode">tree,form</field>
    </record>
    <!-- sms.student.promotion --> 

	<!-- sms.student.change.section -->
    <record model="ir.ui.view" id="sms_student_change_section_form">
      <field name="name">Student Change Section</field>
      <field name="model">sms.student.change.section</field>
      <field name="type">form</field>
      <field name="arch" type="xml">
        <form string="Student Change Section">
		  <field name="registration_no"/>
          <field name="name"/>
          <field name="father_name"/>
		  <field name="change_section"/>
        </form>
      </field>
    </record>
    <record model="ir.ui.view" id="sms_student_change_section_tree">
      <field name="name">Student Change Section</field>
      <field name="model">sms.student.change.section</field>
      <field name="type">tree</field>
      <field name="arch" type="xml">
        <tree string="Student Change Section" editable="top">
		  <field name="registration_no"/>
          <field name="name"/>
          <field name="father_name"/>
		  <field name="change_section"/>
        </tree>
      </field>
    </record>
    <record model="ir.actions.act_window" id="action_sms_student_change_section">
      <field name="name">Student Change Section</field>
      <field name="res_model">sms.student.change.section</field>
      <field name="view_type">form</field>
      <field name="view_mode">tree,form</field>
    </record>
    <!-- sms.student.change.section END -->

<!-- Change student class -->
    <record model="ir.ui.view" id="sms_change_std_cls_tree">
      <field name="name">Change Students Class</field>
      <field name="model">sms.change.student.class</field>
      <field name="type">tree</field>
      <field name="arch" type="xml">
        <tree editable = "top" string="Change Student Class">
          <field name="sno" readonly = "1"/>
		  <field name="session_id" invisible = "1"/>
		  <field name="name"/>
          <field name="father_name"/>
		  <field name="fee_str" readonly = "1"/>	
		  <field name="change_class"/>
		  <field name="fee_starting_month"/>
        </tree>
      </field>
    </record>
  
    <!-- E --> 
 

<!--Company-->
		<record model="ir.ui.view" id="view_cms_company_form1">
	      <field name="name">res.company.form.inherit</field>
	      <field name="model">res.company</field>
	      <field name="inherit_id" ref="base.view_company_form"/>
	      <field name="type">form</field>
	      <field name="arch" type="xml">
	        <notebook>
	          <page string="School Management" position="after">
	            <notebook>
						<page string ="Academics">
						  <group col="4" colspan="4">
		              	  <separator string="Admissions" colspan="4"/>
			              <newline/><field name="signature_principal" colspan ="2"/>
			              <newline/><field name="declaration_student_admission" colspan ="4"/>
			              <newline/><field name="slc_text" colspan ="4"/>
					      </group>
		          	  </page>
				</notebook>
		  </page>	
	      </notebook>
	      </field>
	    </record>
        <!-- sms.employee-->
		<record model="ir.ui.view" id="view_sms_employee_form">
		      <field name="name">hr.employee.inherit</field>
		      <field name="model">hr.employee</field>
		      <field name="inherit_id" ref="hr.view_employee_form"/>
		      <field name="type">form</field>
		      <field name="arch" type="xml">
		      	<field name="address_id" position="before">
            		<!-- <label for="father_name" class="oe_edit_only"/> -->
					<field name="father_name"/>
				</field>
		      </field>
		    </record>

 
	</data>
</openerp>
