"id","name","model_id:id","group_id:id","perm_read","perm_write","perm_create","perm_unlink"
"1","sms.session","model_sms_session","group_sms_admin",1,1,1,1
"11","sms.session.months","model_sms_session","group_sms_admin",1,1,1,1
"2","sms.class.section","model_sms_class_section","group_sms_admin",1,1,1,1
"3","sms.subject","model_sms_subject","group_sms_admin",1,1,1,1
"4","sms.classes","model_sms_classes","group_sms_admin",1,1,1,1
"5","sms.group","model_sms_group","group_sms_admin",1,1,1,1
"6","sms.student","model_sms_student","group_sms_admin",1,1,1,1
"7","sms.academiccalendar","model_sms_academiccalendar","group_sms_admin",1,1,1,1
"8","sms.academiccalendar.student","model_sms_academiccalendar_student","group_sms_admin",1,1,1,1
"9","sms.academiccalendar.subjects","model_sms_academiccalendar_subjects","group_sms_admin",1,1,1,1
"10","sms.student.subject","model_sms_student_subject","group_sms_admin",1,1,1,1
"12","sms.academiccalendar.default","model_sms_academiccalendar_default","group_sms_admin",1,1,1,1
"13","sms.academiccalendar.subjects.default","model_sms_academiccalendar_subjects_default","group_sms_admin",1,1,1,1
"14","sms.time","model_sms_time","group_sms_admin",1,1,1,1
"15","sms.timetable.slot","model_sms_timetable_slot","group_sms_admin",1,1,1,1
"16","sms.day","model_sms_day","group_sms_admin",1,1,1,1
"17","sms.timetable","model_sms_timetable","group_sms_admin",1,1,1,1
"18","sms.timetable.lines","model_sms_timetable_lines","group_sms_admin",1,1,1,1
"19","sms.timetable.default","model_sms_timetable_default","group_sms_admin",1,1,1,1
"20","sms.timetable.lines.default","model_sms_timetable_lines_default","group_sms_admin",1,1,1,1
"21","sms.feestructure","model_sms_feestructure","group_sms_admin",1,1,1,1
"25","sms.attendance","model_sms_attendance","group_sms_admin",1,1,1,1
"26","sms.attendancelines","model_sms_attendancelines","group_sms_admin",1,1,1,1

"27","ir.model.fields","base.model_ir_model_fields","group_sms_admin",1,1,1,1
"28","account.journal","account.model_account_journal","group_sms_admin",1,1,1,1
"29","account.invoice","account.model_account_invoice","group_sms_admin",1,1,1,1
"30","account.invoice.line","account.model_account_invoice_line","group_sms_admin",1,1,1,1
"31","account.invoice.tax","account.model_account_invoice_tax","group_sms_admin",1,1,1,1
"32","account.account","account.model_account_account","group_sms_admin",1,1,1,1
"33","account.move","account.model_account_move","group_sms_admin",1,1,1,1
"34","account.move.line","account.model_account_move_line","group_sms_admin",1,1,1,1
"35","account.period","account.model_account_period","group_sms_admin",1,1,1,1
"36","account.fiscalyear","account.model_account_fiscalyear","group_sms_admin",1,1,1,1
"37","product.product","product.model_product_product","group_sms_admin",1,1,1,1
"38","product.template","product.model_product_template","group_sms_admin",1,1,1,1
"39","product.supplierinfo","product.model_product_supplierinfo","group_sms_admin",1,1,1,1
"40","res.currency","base.model_res_currency","group_sms_admin",1,1,1,1
"41","res.currency.rate","base.model_res_currency_rate","group_sms_admin",1,1,1,1
"42","res.partner","base.model_res_partner","group_sms_admin",1,1,1,1
"43","res.company","base.model_res_company","group_sms_admin",1,1,1,1
"44","ir.sequence.type","base.model_ir_sequence_type","group_sms_admin",1,1,1,1
"45","ir.sequence","base.model_ir_sequence","group_sms_admin",1,1,1,1
"46","account.sequence.fiscalyear","account.model_account_sequence_fiscalyear","group_sms_admin",1,1,1,1
"47","hr.employee","hr.model_hr_employee","group_sms_admin",1,1,1,1
"48","hr.contract","hr_contract.model_hr_contract","group_sms_admin",1,1,1,1
"49","sms.academiccalendar","model_sms_academiccalendar","group_sms_admission_manager",1,1,1,1
"50","sms.exam.datesheet","model_sms_exam_datesheet","group_sms_admission_manager",1,0,0,0
"51","sms.classes","model_sms_classes","group_sms_admission_manager",1,1,1,1
"52","sms.session","model_sms_session","group_sms_admission_manager",1,1,1,1
"53","sms.group","model_sms_group","group_sms_admission_manager",1,1,1,1
"54","sms.class.section","model_sms_class_section","group_sms_admission_manager",1,1,1,1
"55","sms.subject","model_sms_subject","group_sms_admission_manager",1,1,1,1
"56","sms.student","model_sms_student","group_sms_admission_manager",1,1,1,1
"57","sms.academiccalendar.student","model_sms_academiccalendar_student","group_sms_admission_manager",1,1,1,0
"58","sms.academiccalendar.subjects","model_sms_academiccalendar_subjects","group_sms_admission_manager",1,1,1,0
"59","sms.student.subject","model_sms_student_subject","group_sms_admin",1,1,1,0
"60","sms.feestructure","model_sms_feestructure","group_sms_admission_manager",1,1,1,1
"61","sms.attendance","model_sms_attendance","group_sms_admission_manager",1,1,0,0
"62","sms.attendancelines","model_sms_attendancelines","group_sms_admission_manager",1,0,0,0
"63","sms.session.months","model_sms_session_months","group_sms_admission_manager",1,0,1,0